name,email
Ava Thompson,ava.thompson@example.com
Liam Carter,liam.carter@example.com
Mia Rodriguez,mia.rodriguez@example.com
Noah Bennett,noah.bennett@example.com
Emma Collins,emma.collins@example.com
Oliver Hayes,oliver.hayes@example.com
Sophia Patel,sophia.patel@example.com
Elijah Brooks,elijah.brooks@example.com
Isabella Reed,isabella.reed@example.com
Lucas Morgan,lucas.morgan@example.com
Amelia Foster,amelia.foster@example.com
Mason Ward,mason.ward@example.com
Harper Murphy,harper.murphy@example.com
Ethan Bailey,ethan.bailey@example.com
Evelyn Cox,evelyn.cox@example.com
James Hughes,james.hughes@example.com
Abigail Price,abigail.price@example.com
Benjamin Bell,benjamin.bell@example.com
Emily Sanders,emily.sanders@example.com
Henry Powell,henry.powell@example.com
Ella Long,ella.long@example.com
Alexander Scott,alexander.scott@example.com
Charlotte Green,charlotte.green@example.com
Daniel Adams,daniel.adams@example.com
Lily Baker,lily.baker@example.com
Matthew Nelson,matthew.nelson@example.com
Grace Hill,grace.hill@example.com
Samuel Rivera,samuel.rivera@example.com
Chloe Mitchell,chloe.mitchell@example.com
David Turner,david.turner@example.com
Zoey Phillips,zoey.phillips@example.com
Jack Campbell,jack.campbell@example.com
Luna Parker,luna.parker@example.com
Owen Edwards,owen.edwards@example.com
Aria Roberts,aria.roberts@example.com
Gabriel Cook,gabriel.cook@example.com
Nora Stewart,nora.stewart@example.com
Ryan Morris,ryan.morris@example.com
Hazel Rogers,hazel.rogers@example.com
Wyatt Reed,wyatt.reed@example.com
Scarlett Cox,scarlett.cox@example.com
Leo Bennett,leo.bennett@example.com
Violet Howard,violet.howard@example.com
Isaac Ward,isaac.ward@example.com
Layla Jenkins,layla.jenkins@example.com
Caleb Foster,caleb.foster@example.com
Stella Gray,stella.gray@example.com
Nathan Hughes,nathan.hughes@example.com
Aurora Perry,aurora.perry@example.com
Dylan Simmons,dylan.simmons@example.com
